{"cameraMode":{"drawMode":0,"name":"Shaded","section":"Shading Mode"},"sceneLighting":false,"audioPlay":false,"sceneViewState":{"m_AlwaysRefresh":false,"showFog":true,"showSkybox":false,"showFlares":true,"showImageEffects":true,"showParticleSystems":true,"showVisualEffectGraphs":true,"m_FxEnabled":true},"in2DMode":false,"pivot":{"x":245.5277557373047,"y":376.25372314453127,"z":13.308489799499512},"rotation":{"x":0.1381477266550064,"y":0.018120361492037774,"z":-0.002518812194466591,"w":0.990268349647522},"size":52.97404861450195,"orthographic":false}