{"cameraMode":{"drawMode":0,"name":"Shaded","section":"Shading Mode"},"sceneLighting":false,"audioPlay":false,"sceneViewState":{"m_AlwaysRefresh":false,"showFog":true,"showSkybox":false,"showFlares":true,"showImageEffects":true,"showParticleSystems":true,"showVisualEffectGraphs":true,"m_FxEnabled":true},"in2DMode":false,"pivot":{"x":0.446651816368103,"y":0.5960512161254883,"z":-2.4234530925750734},"rotation":{"x":0.0041297501884400848,"y":0.9934014678001404,"z":-0.10831952095031738,"w":0.03786737471818924},"size":2.262324094772339,"orthographic":false}