{"cameraMode":{"drawMode":0,"name":"Shaded","section":"Shading Mode"},"sceneLighting":true,"audioPlay":false,"sceneViewState":{"m_AlwaysRefresh":false,"showFog":true,"showSkybox":true,"showFlares":true,"showImageEffects":true,"showParticleSystems":true,"showVisualEffectGraphs":true,"m_FxEnabled":true},"in2DMode":false,"pivot":{"x":2.088196277618408,"y":-24.101842880249025,"z":1.2947880029678345},"rotation":{"x":0.6840079426765442,"y":0.0015437332913279534,"z":0.01537242904305458,"w":0.7322549819946289},"size":15.685949325561524,"orthographic":false}