{"cameraMode":{"drawMode":0,"name":"Shaded","section":"Shading Mode"},"sceneLighting":true,"audioPlay":false,"sceneViewState":{"m_AlwaysRefresh":false,"showFog":true,"showSkybox":true,"showFlares":true,"showImageEffects":true,"showParticleSystems":true,"showVisualEffectGraphs":true,"m_FxEnabled":true},"in2DMode":false,"pivot":{"x":-0.22780729830265046,"y":1.4785932302474976,"z":-1.720882773399353},"rotation":{"x":0.13827575743198396,"y":-0.00569085543975234,"z":0.0019977090414613487,"w":0.9913725256919861},"size":0.7071068286895752,"orthographic":false}