{"cameraMode":{"drawMode":0,"name":"Shaded","section":"Shading Mode"},"sceneLighting":true,"audioPlay":false,"sceneViewState":{"m_AlwaysRefresh":false,"showFog":true,"showSkybox":true,"showFlares":true,"showImageEffects":true,"showParticleSystems":true,"showVisualEffectGraphs":true,"m_FxEnabled":true},"in2DMode":false,"pivot":{"x":9.465145111083985,"y":-8.331391334533692,"z":12.742900848388672},"rotation":{"x":-0.20829501748085023,"y":-0.31237921118736269,"z":0.06905583292245865,"w":-0.9252604246139526},"size":109.39164733886719,"orthographic":false}