{"cameraMode":{"drawMode":0,"name":"Shaded","section":"Shading Mode"},"sceneLighting":true,"audioPlay":false,"sceneViewState":{"m_AlwaysRefresh":false,"showFog":true,"showSkybox":true,"showFlares":true,"showImageEffects":true,"showParticleSystems":true,"showVisualEffectGraphs":true,"m_FxEnabled":true},"in2DMode":false,"pivot":{"x":-0.04773998260498047,"y":9.571615219116211,"z":41.36796951293945},"rotation":{"x":-0.03338039666414261,"y":-0.024817083030939103,"z":0.011456609703600407,"w":1.0014698505401612},"size":21.652938842773439,"orthographic":false}