{"cameraMode":{"drawMode":0,"name":"Shaded","section":"Shading Mode"},"sceneLighting":true,"audioPlay":false,"sceneViewState":{"m_AlwaysRefresh":false,"showFog":true,"showSkybox":true,"showFlares":true,"showImageEffects":true,"showParticleSystems":true,"showVisualEffectGraphs":true,"m_FxEnabled":true},"in2DMode":false,"pivot":{"x":-0.4030282199382782,"y":1.1096162796020508,"z":0.25395816564559939},"rotation":{"x":-0.0017992485081776977,"y":0.9880771636962891,"z":-0.15540450811386109,"w":-0.011839969083666802},"size":1.1305679082870484,"orthographic":false}