{"cameraMode":{"drawMode":0,"name":"Shaded","section":"Shading Mode"},"sceneLighting":true,"audioPlay":false,"sceneViewState":{"m_AlwaysRefresh":false,"showFog":true,"showSkybox":true,"showFlares":true,"showImageEffects":true,"showParticleSystems":true,"showVisualEffectGraphs":true,"m_FxEnabled":true},"in2DMode":false,"pivot":{"x":16.217283248901368,"y":-269.8840637207031,"z":145.84085083007813},"rotation":{"x":-0.5309228897094727,"y":-0.03385449945926666,"z":0.018673190847039224,"w":-0.8477396965026856},"size":229.4693145751953,"orthographic":false}