{"cameraMode":{"drawMode":0,"name":"Shaded","section":"Shading Mode"},"sceneLighting":true,"audioPlay":false,"sceneViewState":{"m_AlwaysRefresh":false,"showFog":true,"showSkybox":true,"showFlares":true,"showImageEffects":true,"showParticleSystems":true,"showVisualEffectGraphs":true,"m_FxEnabled":true},"in2DMode":false,"pivot":{"x":-0.0044983248226344589,"y":9.225199699401856,"z":-7.396022796630859},"rotation":{"x":-0.40968525409698489,"y":0.006334127392619848,"z":-0.006655949167907238,"w":-0.913919985294342},"size":0.29599010944366457,"orthographic":false}