{"cameraMode":{"drawMode":0,"name":"Shaded","section":"Shading Mode"},"sceneLighting":true,"audioPlay":false,"sceneViewState":{"m_AlwaysRefresh":false,"showFog":true,"showSkybox":true,"showFlares":true,"showImageEffects":true,"showParticleSystems":true,"showVisualEffectGraphs":true,"m_FxEnabled":true},"in2DMode":false,"pivot":{"x":-1.0583117008209229,"y":7.889866352081299,"z":-6.103750228881836},"rotation":{"x":-0.28712034225463869,"y":-0.07741217315196991,"z":0.02217649109661579,"w":-0.9554670453071594},"size":3.3987045288085939,"orthographic":false}