{"cameraMode":{"drawMode":0,"name":"Shaded","section":"Shading Mode"},"sceneLighting":true,"audioPlay":false,"sceneViewState":{"m_AlwaysRefresh":false,"showFog":true,"showSkybox":true,"showFlares":true,"showImageEffects":true,"showParticleSystems":true,"showVisualEffectGraphs":true,"m_FxEnabled":true},"in2DMode":false,"pivot":{"x":-0.7424952983856201,"y":-0.11251404881477356,"z":-13.439846992492676},"rotation":{"x":0.47208285331726076,"y":-0.0017928389133885503,"z":0.001121191424317658,"w":0.8820676207542419},"size":11.02955436706543,"orthographic":false}