{"cameraMode":{"drawMode":0,"name":"Shaded","section":"Shading Mode"},"sceneLighting":true,"audioPlay":false,"sceneViewState":{"m_AlwaysRefresh":false,"showFog":true,"showSkybox":true,"showFlares":true,"showImageEffects":true,"showParticleSystems":true,"showVisualEffectGraphs":true,"m_FxEnabled":true},"in2DMode":false,"pivot":{"x":-0.37361136078834536,"y":1.3390833139419556,"z":0.11477373540401459},"rotation":{"x":0.0037251014728099109,"y":-0.9817978739738464,"z":0.19260744750499726,"w":0.04817672073841095},"size":4.034546375274658,"orthographic":false}