{"cameraMode":{"drawMode":0,"name":"Shaded","section":"Shading Mode"},"sceneLighting":true,"audioPlay":false,"sceneViewState":{"m_AlwaysRefresh":false,"showFog":true,"showSkybox":true,"showFlares":true,"showImageEffects":true,"showParticleSystems":true,"showVisualEffectGraphs":true,"m_FxEnabled":true},"in2DMode":false,"pivot":{"x":41.26821517944336,"y":11.7975435256958,"z":-49.69696044921875},"rotation":{"x":0.21164008975028993,"y":-0.03973659127950668,"z":0.008532962761819363,"w":0.9785488247871399},"size":1.8421980142593384,"orthographic":false}