{"cameraMode":{"drawMode":0,"name":"Shaded","section":"Shading Mode"},"sceneLighting":true,"audioPlay":false,"sceneViewState":{"m_AlwaysRefresh":false,"showFog":true,"showSkybox":true,"showFlares":true,"showImageEffects":true,"showParticleSystems":true,"showVisualEffectGraphs":true,"m_FxEnabled":true},"in2DMode":false,"pivot":{"x":6.42004919052124,"y":-0.019079694524407388,"z":6.6982340812683109},"rotation":{"x":0.24229079484939576,"y":0.5228440165519714,"z":-0.1573599874973297,"w":0.8022130727767944},"size":13.489239692687989,"orthographic":false}