{"cameraMode":{"drawMode":0,"name":"Shaded","section":"Shading Mode"},"sceneLighting":true,"audioPlay":false,"sceneViewState":{"m_AlwaysRefresh":false,"showFog":true,"showSkybox":true,"showFlares":true,"showImageEffects":true,"showParticleSystems":true,"showVisualEffectGraphs":true,"m_FxEnabled":true},"in2DMode":false,"pivot":{"x":6.035367488861084,"y":8.021098136901856,"z":20.197126388549806},"rotation":{"x":-0.06834322959184647,"y":0.0131688192486763,"z":0.0009098852751776576,"w":0.9976112246513367},"size":6.851841449737549,"orthographic":false}