{"cameraMode":{"drawMode":0,"name":"Shaded","section":"Shading Mode"},"sceneLighting":true,"audioPlay":false,"sceneViewState":{"m_AlwaysRefresh":false,"showFog":true,"showSkybox":true,"showFlares":true,"showImageEffects":true,"showParticleSystems":true,"showVisualEffectGraphs":true,"m_FxEnabled":true},"in2DMode":false,"pivot":{"x":0.5094746351242065,"y":0.5085049271583557,"z":-1.3754678964614869},"rotation":{"x":-0.04030987247824669,"y":-0.9673058986663818,"z":0.22088168561458589,"w":-0.1320798099040985},"size":1.759807825088501,"orthographic":false}