{"cameraMode":{"drawMode":0,"name":"Shaded","section":"Shading Mode"},"sceneLighting":true,"audioPlay":false,"sceneViewState":{"m_AlwaysRefresh":false,"showFog":true,"showSkybox":true,"showFlares":true,"showImageEffects":true,"showParticleSystems":true,"showVisualEffectGraphs":true,"m_FxEnabled":true},"in2DMode":false,"pivot":{"x":122.92445373535156,"y":-140.54547119140626,"z":-39.84158706665039},"rotation":{"x":-0.4927986264228821,"y":-0.02770870178937912,"z":0.014644499868154526,"w":-0.8706313371658325},"size":313.71978759765627,"orthographic":false}