{"cameraMode":{"drawMode":0,"name":"Shaded","section":"Shading Mode"},"sceneLighting":true,"audioPlay":false,"sceneViewState":{"m_AlwaysRefresh":false,"showFog":true,"showSkybox":true,"showFlares":true,"showImageEffects":true,"showParticleSystems":true,"showVisualEffectGraphs":true,"m_FxEnabled":true},"in2DMode":false,"pivot":{"x":0.37009790539741518,"y":1.560549020767212,"z":-0.22050738334655763},"rotation":{"x":-0.1852245181798935,"y":0.025945771485567094,"z":-0.012086983770132065,"w":-0.9840202331542969},"size":1.7395532131195069,"orthographic":false}