{"cameraMode":{"drawMode":0,"name":"Shaded","section":"Shading Mode"},"sceneLighting":true,"audioPlay":false,"sceneViewState":{"m_AlwaysRefresh":false,"showFog":true,"showSkybox":true,"showFlares":true,"showImageEffects":true,"showParticleSystems":true,"showVisualEffectGraphs":true,"m_FxEnabled":true},"in2DMode":false,"pivot":{"x":-1.9409750699996949,"y":17.942596435546876,"z":-16.985614776611329},"rotation":{"x":-0.48885035514831545,"y":0.019526859745383264,"z":-0.011193066835403443,"w":-0.8727046847343445},"size":2.6357476711273195,"orthographic":false}