{"cameraMode":{"drawMode":0,"name":"Shaded","section":"Shading Mode"},"sceneLighting":true,"audioPlay":false,"sceneViewState":{"m_AlwaysRefresh":false,"showFog":true,"showSkybox":true,"showFlares":true,"showImageEffects":true,"showParticleSystems":true,"showVisualEffectGraphs":true,"m_FxEnabled":true},"in2DMode":false,"pivot":{"x":10.152894973754883,"y":7.957205295562744,"z":3.5291740894317629},"rotation":{"x":-0.2579532563686371,"y":0.31585627794265749,"z":-0.09458640217781067,"w":-0.9100998640060425},"size":2.6750919818878176,"orthographic":false}