{"cameraMode":{"drawMode":0,"name":"Shaded","section":"Shading Mode"},"sceneLighting":true,"audioPlay":false,"sceneViewState":{"m_AlwaysRefresh":false,"showFog":true,"showSkybox":true,"showFlares":true,"showImageEffects":true,"showParticleSystems":true,"showVisualEffectGraphs":true,"m_FxEnabled":true},"in2DMode":false,"pivot":{"x":0.03435233607888222,"y":9.089736938476563,"z":-7.22019100189209},"rotation":{"x":-0.4228392541408539,"y":-0.011303539387881756,"z":0.00168704055249691,"w":-0.9078494310379028},"size":0.26928868889808657,"orthographic":false}