{"cameraMode":{"drawMode":0,"name":"Shaded","section":"Shading Mode"},"sceneLighting":true,"audioPlay":false,"sceneViewState":{"m_AlwaysRefresh":false,"showFog":true,"showSkybox":true,"showFlares":true,"showImageEffects":true,"showParticleSystems":true,"showVisualEffectGraphs":true,"m_FxEnabled":true},"in2DMode":false,"pivot":{"x":-0.2619462013244629,"y":1.389117956161499,"z":1.4528263807296754},"rotation":{"x":-0.19247084856033326,"y":-0.16557101905345918,"z":0.032157521694898608,"w":-0.9677677154541016},"size":0.9646588563919067,"orthographic":false}