{"cameraMode":{"drawMode":0,"name":"Shaded","section":"Shading Mode"},"sceneLighting":true,"audioPlay":false,"sceneViewState":{"m_AlwaysRefresh":false,"showFog":true,"showSkybox":true,"showFlares":true,"showImageEffects":true,"showParticleSystems":true,"showVisualEffectGraphs":true,"m_FxEnabled":true},"in2DMode":false,"pivot":{"x":-0.2279612272977829,"y":1.0096276998519898,"z":0.28348004817962649},"rotation":{"x":0.21346032619476319,"y":0.35652461647987368,"z":-0.08334840834140778,"w":0.9067664742469788},"size":0.8387511968612671,"orthographic":false}