{"cameraMode":{"drawMode":0,"name":"Shaded","section":"Shading Mode"},"sceneLighting":true,"audioPlay":false,"sceneViewState":{"m_AlwaysRefresh":false,"showFog":true,"showSkybox":true,"showFlares":true,"showImageEffects":true,"showParticleSystems":true,"showVisualEffectGraphs":true,"m_FxEnabled":true},"in2DMode":false,"pivot":{"x":41.99168014526367,"y":-0.7554035186767578,"z":-16.58567237854004},"rotation":{"x":-0.31385067105293276,"y":-0.01634381152689457,"z":0.0049768248572945599,"w":-0.9515177607536316},"size":6.782106876373291,"orthographic":false}