{"cameraMode":{"drawMode":0,"name":"Shaded","section":"Shading Mode"},"sceneLighting":true,"audioPlay":false,"sceneViewState":{"m_AlwaysRefresh":false,"showFog":true,"showSkybox":true,"showFlares":true,"showImageEffects":true,"showParticleSystems":true,"showVisualEffectGraphs":true,"m_FxEnabled":true},"in2DMode":false,"pivot":{"x":-0.04046664014458656,"y":0.7638067007064819,"z":0.7838330864906311},"rotation":{"x":-0.0024974592961370947,"y":-0.9459137320518494,"z":0.3293941915035248,"w":0.009706824086606503},"size":1.9112277030944825,"orthographic":false}