{"cameraMode":{"drawMode":0,"name":"Shaded","section":"Shading Mode"},"sceneLighting":true,"audioPlay":false,"sceneViewState":{"m_AlwaysRefresh":false,"showFog":true,"showSkybox":true,"showFlares":true,"showImageEffects":true,"showParticleSystems":true,"showVisualEffectGraphs":true,"m_FxEnabled":true},"in2DMode":false,"pivot":{"x":-0.03054640255868435,"y":8.977396011352539,"z":-7.1059064865112309},"rotation":{"x":-0.4270796477794647,"y":0.00212105899117887,"z":-0.0010779098374769092,"w":-0.9048412442207336},"size":0.5927479267120361,"orthographic":false}