{"cameraMode":{"drawMode":0,"name":"Shaded","section":"Shading Mode"},"sceneLighting":true,"audioPlay":false,"sceneViewState":{"m_AlwaysRefresh":false,"showFog":true,"showSkybox":true,"showFlares":true,"showImageEffects":true,"showParticleSystems":true,"showVisualEffectGraphs":true,"m_FxEnabled":true},"in2DMode":false,"pivot":{"x":-0.17811131477355958,"y":0.8800739049911499,"z":-0.6562027931213379},"rotation":{"x":0.04833381995558739,"y":-0.9477222561836243,"z":0.22269918024539948,"w":0.23075389862060548},"size":1.6646485328674317,"orthographic":false}