{"cameraMode":{"drawMode":0,"name":"Shaded","section":"Shading Mode"},"sceneLighting":true,"audioPlay":false,"sceneViewState":{"m_AlwaysRefresh":false,"showFog":true,"showSkybox":true,"showFlares":true,"showImageEffects":true,"showParticleSystems":true,"showVisualEffectGraphs":true,"m_FxEnabled":true},"in2DMode":false,"pivot":{"x":-1.5494673252105713,"y":-0.6471822261810303,"z":-3.8427681922912599},"rotation":{"x":0.011672908440232277,"y":0.983985424041748,"z":-0.18925286829471589,"w":-0.01354074664413929},"size":4.576819896697998,"orthographic":false}