{"cameraMode":{"drawMode":0,"name":"Shaded","section":"Shading Mode"},"sceneLighting":true,"audioPlay":false,"sceneViewState":{"m_AlwaysRefresh":false,"showFog":true,"showSkybox":true,"showFlares":true,"showImageEffects":true,"showParticleSystems":true,"showVisualEffectGraphs":true,"m_FxEnabled":true},"in2DMode":false,"pivot":{"x":-2.0340356826782228,"y":5.185628414154053,"z":-4.759915828704834},"rotation":{"x":0.44201648235321047,"y":-0.02445119619369507,"z":0.012182744219899178,"w":0.8970943689346314},"size":11.209872245788575,"orthographic":false}