{"cameraMode":{"drawMode":0,"name":"Shaded","section":"Shading Mode"},"sceneLighting":true,"audioPlay":false,"sceneViewState":{"m_AlwaysRefresh":false,"showFog":true,"showSkybox":true,"showFlares":true,"showImageEffects":true,"showParticleSystems":true,"showVisualEffectGraphs":true,"m_FxEnabled":true},"in2DMode":false,"pivot":{"x":0.44453611969947817,"y":9.635666847229004,"z":-5.897006034851074},"rotation":{"x":0.3545267581939697,"y":0.0067351208999753,"z":-0.0025466715451329948,"w":0.9350683689117432},"size":0.6624214053153992,"orthographic":false}