{"cameraMode":{"drawMode":0,"name":"Shaded","section":"Shading Mode"},"sceneLighting":true,"audioPlay":false,"sceneViewState":{"m_AlwaysRefresh":false,"showFog":true,"showSkybox":true,"showFlares":true,"showImageEffects":true,"showParticleSystems":true,"showVisualEffectGraphs":true,"m_FxEnabled":true},"in2DMode":false,"pivot":{"x":0.28514164686203005,"y":-4.330097675323486,"z":7.222552299499512},"rotation":{"x":0.3132684528827667,"y":0.007974392734467984,"z":0.0005642831674776971,"w":0.9508494734764099},"size":7.47551965713501,"orthographic":false}